name,alias,links
Drughub,"['Drughub','Onion Decommissioned', 'drughub', 'drug hub']",['http://drughubb7lmqymhpq24wmhihloii3dlp3xlqhz356dqdvhmkv2ngf4id.onion']
ColombiaConnection,"['ColombiaConnection','colombiaconnection']",['http://eg5pj3r4xhybxgfkjnkhbhwgkuonp5wtla3mbpuzphzk6lxkhftnvuyd.onion']
Archetyp,"['Archetyp','archetyp',archetype]","['http://4pt4axjgzmm4ibmxplfiuvopxzf775e5bqseyllafcecryfthdupjwyd.onion', 'http://archetypaverkm34jegv5zwmfytjqxvdez2hh3so63bche2twbspgsqd.onion']"
Index of /,"['Index of /']",['http://scpalcwstkydpa3y7dbpkjs2dtr7zvtvdbyj3dqwkucfrwyixcl5ptqd.onion']
Eternal Hosting,"['Eternal Hosting']",['http://eternalcbrzpicytj4zyguygpmkjlkddxob7tptlr25cdipe5svyqoqd.onion']
Abacus Market,"['Abacus Market', 'abacus', 'Abacus']",['http://abacuskzoo7wrfmpqiqscoiljfjap42rzjkfygp5vm3gtlu5tanhbjad.onion']
Please Wait,"['Please Wait']",['http://cieprrpdgp7moka2ktlwy54ooymtgsre23enrf4dfzssap74zz45f6id.onion']
DNM Bible,"['DNM Bible','dnm bible','dnm buyers bible']",['http://biblemeowimkh3utujmhm6oh2oeb3ubjw2lpgeq3lahrfr2l6ev6zgyd.onion']
Torzon,"['TorZon','Torzon',torzon']","['http://torzon4kv5swfazrziqvel2imhxcckc4otcvopiv5lnxzpqu4v4m5iyd.onion', 'http://h3h66vqwmmxxheeuwi4hhk52ic5svhnb73xdnxnzaj6vrnk742ntnhyd.onion']"
Freedom Hosting Reloaded,"['Freedom Hosting Reloaded']",['http://fhostingineiwjg6cppciac2bemu42nwsupvvisihnczinok362qfrqd.onion']
BKA,"['BKA',bka']","['http://wallstz2m34ip523svfasst4iob3navmlmiblqjocizrui2gcoe2m7ad.onion', 'http://germany2igel45jbmjdipfbzdswjcpjqzqozxt4l33452kzrrda2rbid.onion']"
Endchan,"['Endchan','endchan']","['http://enxx3byspwsdo446jujc52ucy2pf5urdbhqw3kbsfhlfjwmbpj5smdad.onion', 'http://endchancxfbnrfgauuxlztwlckytq7rgeo5v6pc2zd4nyqo3khfam4ad.onion']"
BlackCloud, "['BlackCloud']",['http://bcloudwenjxgcxjh6uheyt72a5isimzgg4kv5u74jb2s22y3hzpwh6id.onion']
Nemesis Market,"['NEMESIS MARKET HAS BEEN SEIZED']",['http://nemesis555nchzn2dogee6mlc7xxgeeshqirmh3yzn4lo5cnd4s5a4yd.onion']
dump.li,"['dump.li']",['http://dumpliwoard5qsrrsroni7bdiishealhky4snigbzfmzcquwo3kml4id.onion']
Image Hosting,"['Image Hosting']",['http://uoxqi4lrfqztugili7zzgygibs4xstehf5hohtkpyqcoyryweypzkwid.onion']
OnionShare,"['OnionShare','onionshare']",['http://lldan5gahapx5k7iafb3s4ikijc4ni7gx5iywdflkba5y2ezyg6sjgyd.onion']
White House Market,"['WhiteHouseMarket','WHM','WH','whitehouse market']","['http://zefmozbmelwjc4elhoim2q3t3y4z3yoodczvqagtquvwzhx763f4jtyd.onion', 'http://7yipwxdv5cfdjfpjztiz7sv2jlzzjuepmxy4mtlvuaojejwhg3zhliqd.onion', 'http://auzbdiguv5qtp37xoma3n4xfch62duxtdiu4cfrrwbxgckipd4aktxid.onion', 'http://drughub666py6fgnml5kmxa7fva5noppkf6wkai4fwwvzwt4rz645aqd.onion']"
Whonix,"['Whonix','whonix']",['http://dds6qkxpwdeubwucdiaord2xgbbeyds25rbsgr73tbfpqpt4a6vjwsyd.onion']
Infinity Market,"['Infinity']","['http://p7nplvfgb4yxovywiwtq74tjjirel7wx6vigthhsamac4gmjjiqfvzid.onion', 'http://dhme3vnfeleniirt5nxuhpmjsfq5srp44uyq2jyihhnrxus7ibfqhiqd.onion', 'http://6emgxas4pvwhegctqemi3b64zhrr7xdryasgbktzrlqo7sc3wbboxdyd.onion', 'http://kpraa7hen7q22rdidorpfdf4f4aw3duh5gceysitd3tasfiidipxcmyd.onion', 'http://kklv24tay3qygskfk4airzs53uwyuu5ulmncjwrfbm6em56uakixuhad.onion', 'http://mb552q7s75safalxcxnvlnkmsfni26i64dtbxv2on73rknui44jr7tid.onion', 'http://stoiegdjpgm7fn54lebx4hilitxdeovkutpc4ya34xetjwjeq7hootid.onion', 'http://rjocosf2mfgkrlsrr5k52nb4lbldhiazajqcjtr35w2ulumlbggnmmad.onion', 'http://jp43npzv6hjvgovphlrvpaagoowhvy2rdz2374cmyoqi4nwvqkfp7tid.onion', 'http://y2qbcye6itrhd4tysifctwqvu4mjkt6wfb2imehs6a7pklmqjkw5udqd.onion', 'http://m6zgc2usfqyzyi3jrketzhuksosezfdrflrboh4imrbzspgme4n4gnid.onion', 'http://pdlmh5h5scwo2tsosr76iax76bcy54ul2djnzhamo4oydwzzkjf32mid.onion', 'http://ysxqvwbcwrv3rijragerqereyvx5hgr4ph6ueqmymec4rjhi4umuakad.onion', 'http://jws5rbbkxgpxh7cohufx6e5uqpslh6fbrhyylcwrkiq5svycb56hd7ad.onion', 'http://infinityjs5qob5euyao745kp5x2hh4xquh7qs5cze3kcxv63xdwxlad.onion', 'http://gyrwc2fhteu3jvpf5hywojfumxjjxplm2vkgcy4tziwpqaaz2wtirzqd.onion', 'http://oqtcgexq2x2vimgaymekiasmiuaeosgqxjr5qhb4d4kgs7scc2zkokad.onion', 'http://c5feretjinxxgfeqkl7larx5hdwyqsvnwf72h2xepgcahsezhbv6naqd.onion', 'http://fn2b4tg4nfo7lu67dg4txdv7nrvfqavhg3pxlqnrgpfo7jz4g6hxamid.onion', 'http://57hmz37zpibfjmt4zhejgn7mjhalpf2py7xr4m4i7gyen6547tee7nad.onion']"
dark.fail,"['dark.fail','dark fail','darkfail']",['http://darkfailenbsdla5mal2mxn2uz66od5vtzd5qozslagrfzachha3f3id.onion']
Digital Thrift Shop,"['Digital Thrift Shop' 'digital thrift shop']",['http://kw4zlnfhxje7top26u57iosg55i7dzuljjcyswo2clgc3mdliviswwyd.onion']
TCEC-NPN,"['TCEC-NPN']",['http://tcecdnp2fhyxlcrjoyc2eimdjosr65hweut6y7r2u6b5y75yuvbkvfyd.onion']
This domain has been seized,"['This domain has been seized']","['http://admincjdsoggxd73wlwpfgexnnnmi2nxsa7ovksehh7ptwvxc3vwfpqd.onion', 'http://bohemiaobko4cecexkj5xmlaove6yn726dstp5wfw4pojjwp6762paqd.onion', 'http://admintggb5yioqefcjgdc2c22hs46tpa3lpmktn7k4zj6g2eqaqr5cad.onion']"
SuperMarket to DrugHub Migration status,"['SuperMarket to DrugHub Migration status']",['http://superxxx2daymhfxbxfzlg2zevkwqyvisngvphzjlwavgwl4bzn5rvqd.onion']
Dark Matter Network,"['dark matter network','Dark Matter', 'dark matter']",['http://darkmat3kdxestusl437urshpsravq7oqb7t3m36u2l62vnmmldzdmid.onion']
Tor Project,"['tor project','torproject']","['http://2gzyxa5ihm7nsggfxnu52rck2vv4rvmdlkiu3zzui5du4xyclen53wid.onion', 'http://pzhdfe7jraknpj2qgu5cz2u3i4deuyfwmonvzu5i3nyw4t4bmg7o5pad.onion']"
BestBenzos,"['bestbenzos','best benzos']",['http://benzosbbvk7gu6taxbjpcpsi3u3dgg3wb3ewwr4jx7tholioxmnwagyd.onion']
The Blue Pony,"['The Blue Pony','blue pony','bluepony']",['http://kaizushih5iec2mxohpvbt5uaapqdnbluaasa2cmsrrjtwrbx46cnaid.onion']
ElysiumMarket,"['elysium market']",
Cryptonia,"['cryptonia']",
Monopoly,"['monopoly']",
GreyMarket,"['greymarket','grey market']",
Bisq,"['bisq']",
ASAP market, "['asap market']",
SleepyTime, "['sleepytime']",
localmonero,"['local monero']",
Apollon Market,"['apollon','apollo','apollonmarket']",
darkmarket,"['darkmarket','dark market']",
berlusconie,"['berlusconie']",
genesis,"['genesis']",
dark0de,"['dark0de','darkode']",
Slilpp,"['slilpp','slilp','slipp']",
GlobalDreams,"['globaldreams','global dreams']",
silk road,"['silk road','silkroad','silk roads']",
darknetlive,"['darknetlive','darknet live']",
Oxymoxy,"['oxymoxy','oxy moxy','OM']",
Obststand,"['obststand']",
goldback,"['goldback','gold back']",
Recon,"['recon']",
Liberty Market,"['liberty market','liberty','libertymarket']","['http://liberty4mhc252jcz6acjndbotamlajtoo43qcmz4i62lc4b2ol4aeyd.onion','http://liberty5wpigjwlqj7jse7y3ya2rc572n4lpwsndyuzbfqnpkxkr3sid.onion','http://liberty6o7lubin4t2nzyebylmk4l4xfw6kk2o5xhg3fahqoatfiprqd.onion']"
Hydra,"['hydra','hydra market']",
Pax Romana,"['pax romana','paxromana']",
Empire,"['empire']",
Dream,"['dream']",
ToRReZ, "['torrez']",
Cannahome, "['cannahome']",
Cannazon, "['cannazon']",
Kingscrown, "['kingscrown']",
StrongMedicine, "['strongmedicine']",
DoctorCannabis,"['doctorcannabis']",
F1RSTCLASS1,"['f1rstclass1']",
UnionMarket,"['union market','unionmarket']",
Kaizushi,"['kaizushi','Kaizushi's']",
DCdutchconnectionUK,"['dcdutchconnectionuk', 'dcukconnection']",
Big Blue,"['big blue']",
televend,"['televend']",
Cartel Marketplace, "['cartel marketplace']",
Sabbath,"['sabbath']",
CurbsideService,"['curbside service','curbsideservice']",
Hathor,"['hathor']",
TMG,"['tmg']",
Asfaleia,"['asfaleia']",
TheShroomRoom,"['theshroomroom', 'shroomroom', 'the shroom room']",
Cypher,"['cypher']",
The Great DutchFrenchTeam, "['the great dutchfrenchteam']",
Hyper,"['hyper']",
Elude,"['elude']",
Corona Market,"['corona market','coronamarket']",
WSM,"['wsm']",
AlphaBay,"['alphabay','alpha bay']",
Bohemia,"['bohemia']",
Agora,"['agora']",
TheOnlyPlugYouNeed,"['theonlyplugyouneed']",
vice city,"['vice city','vicecity']",
Yakuza,"['yakuza']",
Incognito Market,"['incognito market','incognitomarket']",
Icarus,"['icarus']",
Aurora,"['aurora']",
Daeva,"['daeva']",
DarkFox,"['darkfox']",
World market,"['world market', 'worldmarket']",
SweetLeaf,"['sweetleaf', 'sweetleafs']",




